{"name":"root","children":[{"name":"public","children":[{"name":"css","children":[{"name":"main.css","size":461,"language":"CSS"},{"name":"features","children":[{"name":"animations.css","size":76,"language":"CSS"}]}]},{"name":"js","children":[{"name":"views","children":[{"name":"index.js","size":252,"language":"Javascript"}]},{"name":"atomio","children":[{"name":"atomio.js","size":189,"language":"Javascript"},{"name":"initialize.js","size":42,"language":"Javascript"},{"name":"animations.js","size":22,"language":"Javascript"}]},{"name":"visual","children":[{"name":"tree.js","size":11,"language":"Javascript"}]}]},{"name":"html","children":[{"name":"file.html","size":1,"language":"HTML"}]}]},{"name":"models","children":[{"name":"usermodel.js","size":105,"language":"Javascript"},{"name":"articleprovider-mongodb.js","size":72,"language":"Javascript"},{"name":"articleprovider-memory.js","size":39,"language":"Javascript"}]},{"name":"atomio","children":[{"name":"input.js","size":102,"language":"Javascript"},{"name":"auth.js","size":92,"language":"Javascript"},{"name":"auth","children":[{"name":"login.js","size":13,"language":"Javascript"}]},{"name":"switcher.js","size":13,"language":"Javascript"},{"name":"user","children":[{"name":"login.js","size":3,"language":"Javascript"}]}]},{"name":"atomio.js","size":49,"language":"Javascript"},{"name":"atomio_modules","children":[{"name":"user","children":[{"name":"login.js","size":8,"language":"Javascript"}]}]},{"name":"start-server","size":7,"language":"Bourne Again Shell"},{"name":"views","children":[{"name":"user","children":[{"name":"circle.js","size":7,"language":"Javascript"}]}]},{"name":"routes","children":[{"name":"user.js","size":3,"language":"Javascript"},{"name":"index.js","size":3,"language":"Javascript"}]},{"name":"stop-server","size":2,"language":"Bourne Again Shell"}]}